{"cameraMode":{"drawMode":0,"name":"Shaded","section":"Shading Mode"},"sceneLighting":true,"audioPlay":false,"sceneViewState":{"m_AlwaysRefresh":false,"showFog":true,"showSkybox":true,"showFlares":true,"showImageEffects":true,"showParticleSystems":true,"showVisualEffectGraphs":true,"m_FxEnabled":true},"in2DMode":false,"pivot":{"x":280.93109130859377,"y":-2.358856678009033,"z":312.0579528808594},"rotation":{"x":0.08319168537855149,"y":0.2986031174659729,"z":-0.026132548227906228,"w":0.9504033923149109},"size":57.669700622558597,"orthographic":false}