{"cameraMode":{"drawMode":0,"name":"Shaded","section":"Shading Mode"},"sceneLighting":true,"audioPlay":false,"sceneViewState":{"m_AlwaysRefresh":false,"showFog":true,"showSkybox":true,"showFlares":true,"showImageEffects":true,"showParticleSystems":true,"showVisualEffectGraphs":true,"m_FxEnabled":true},"in2DMode":false,"pivot":{"x":220.75689697265626,"y":17.210758209228517,"z":225.47691345214845},"rotation":{"x":0.26819780468940737,"y":-0.07715297490358353,"z":0.02150188758969307,"w":0.9600532054901123},"size":19.03191375732422,"orthographic":false}