{"cameraMode":{"drawMode":0,"name":"Shaded","section":"Shading Mode"},"sceneLighting":true,"audioPlay":false,"sceneViewState":{"m_AlwaysRefresh":false,"showFog":true,"showSkybox":true,"showFlares":true,"showImageEffects":true,"showParticleSystems":true,"showVisualEffectGraphs":true,"m_FxEnabled":true},"in2DMode":false,"pivot":{"x":233.45404052734376,"y":22.54497528076172,"z":286.97857666015627},"rotation":{"x":-0.23269496858119965,"y":-0.07220492511987686,"z":0.01734222285449505,"w":-0.9697224497795105},"size":7.533131122589111,"orthographic":false}